Pattern,N,Algorithm,TimeMS,CompareCount,MoveCount,AuxBytes,IsStable
Random,1000,ShellSort,0.085,14657,23165,8,Unstable
Random,1000,MergeSort,0.075,8718,19952,8000,Stable
Random,1000,TimSort,0.087,8848,16934,8000,Stable
Random,5000,ShellSort,0.531,117410,175043,8,Unstable
Random,5000,MergeSort,0.386,55195,123616,40000,Stable
Random,5000,TimSort,0.441,57088,91932,40000,Stable
Random,10000,ShellSort,1.112,262897,388016,8,Unstable
Random,10000,MergeSort,0.807,120480,267232,80000,Stable
Random,10000,TimSort,0.969,124794,199181,80000,Stable
Random,30000,ShellSort,3.841,955510,1360855,8,Unstable
Random,30000,MergeSort,2.692,408476,894464,240000,Stable
Random,30000,TimSort,3.251,425316,718836,240000,Stable
Sorted,1000,ShellSort,0.017,8006,16012,8,Stable
Sorted,1000,MergeSort,0.018,5044,19952,8000,Stable
Sorted,1000,TimSort,0.002,999,0,8000,Stable
Sorted,5000,ShellSort,0.103,55005,110010,8,Stable
Sorted,5000,MergeSort,0.125,32004,123616,40000,Stable
Sorted,5000,TimSort,0.005,4999,0,40000,Stable
Sorted,10000,ShellSort,0.223,120005,240010,8,Stable
Sorted,10000,MergeSort,0.237,69008,267232,80000,Stable
Sorted,10000,TimSort,0.009,9999,0,80000,Stable
Sorted,30000,ShellSort,0.748,390007,780014,8,Stable
Sorted,30000,MergeSort,0.801,227728,894464,240000,Stable
Sorted,30000,TimSort,0.028,29999,0,240000,Stable
Reversed,1000,ShellSort,0.022,11716,20712,8,Stable
Reversed,1000,MergeSort,0.018,4932,19952,8000,Stable
Reversed,1000,TimSort,0.002,999,1500,8000,Stable
Reversed,5000,ShellSort,0.132,78798,138790,8,Stable
Reversed,5000,MergeSort,0.093,29804,123616,40000,Stable
Reversed,5000,TimSort,0.007,4999,7500,40000,Stable
Reversed,10000,ShellSort,0.315,172578,302570,8,Stable
Reversed,10000,MergeSort,0.235,64608,267232,80000,Stable
Reversed,10000,TimSort,0.014,9999,15000,80000,Stable
Reversed,30000,ShellSort,0.954,567016,987006,8,Stable
Reversed,30000,MergeSort,0.781,219504,894464,240000,Stable
Reversed,30000,TimSort,0.034,29999,45000,240000,Stable
Duplicates,1000,ShellSort,0.035,9578,17927,8,Unstable
Duplicates,1000,MergeSort,0.043,8115,19952,8000,Stable
Duplicates,1000,TimSort,0.046,6450,15058,8000,Stable
Duplicates,5000,ShellSort,0.228,63861,120512,8,Unstable
Duplicates,5000,MergeSort,0.214,51683,123616,40000,Stable
Duplicates,5000,TimSort,0.216,32997,83647,40000,Stable
Duplicates,10000,ShellSort,0.452,139980,263353,8,Unstable
Duplicates,10000,MergeSort,0.457,112184,267232,80000,Stable
Duplicates,10000,TimSort,0.448,66039,181263,80000,Stable
Duplicates,30000,ShellSort,1.358,447656,847792,8,Unstable
Duplicates,30000,MergeSort,1.471,378505,894464,240000,Stable
Duplicates,30000,TimSort,1.269,197068,647866,240000,Stable
